Bill. Date,Purchase Order,Material, Unit price,Tons Invoiced
2020-05-15,69000520,61092,5.54,117.850208
2020-05-20,69000519,61670,6.05,9.4738672
2020-05-20,69000519,61580,6.05,9.8929376
2020-05-20,69000519,61276,6.05,19.23964
2020-05-20,69000519,61283,6.05,20.8053664
2020-05-20,69000519,61293,7.9,16.7388708
2020-05-20,69000519,61045,7.9,16.4946274
2020-05-19,69000518,61591,5.83,94.4103552
2020-05-19,69000518,62060,5.83,2.7165152
2020-05-19,69000518,61592,5.83,8.4437136
2020-05-19,69000518,61591,5.83,18.3634304
2020-05-19,69000518,61580,5.83,4.9849856
2020-05-19,69000518,62060,5.83,13.2837264
2020-05-19,69000518,61592,5.83,14.0946848
2020-05-19,69000518,61316,8.37,38.3366277
2020-05-19,69000518,61320,8.37,38.4062763
2020-05-19,69000518,61591,5.83,20.764128
2020-05-19,69000518,61580,5.83,22.3822256
2020-05-19,69000518,62060,5.83,23.9214528
2020-05-19,69000518,61592,5.83,42.2552032
2020-05-19,69000518,61591,5.83,2.3305632
2020-05-19,69000518,61580,5.83,64.3794704
2020-05-19,69000518,62060,5.83,21.0996688
2020-05-19,69000518,61592,5.83,19.8277856
2020-06-05,69000518,61316,8.37,4.7918108
2020-06-05,69000518,61592,5.83,2.885344
2020-06-05,69000518,61320,8.37,10.974243
2020-05-29,69000518,61591,5.83,23.151296
2020-05-29,69000518,61592,5.83,19.7560496
2020-05-29,69000518,62060,5.83,16.053576
2020-04-02,69000517,60769,602.39,65.89
2020-04-02,69000517,61114,602.39,59.991
2020-04-02,69000517,60770,602.39,39.555
2020-04-02,69000517,60971,602.39,41.124
2020-04-02,69000517,60972,602.39,16.998
2020-04-02,69000517,61778,535.6,35.271
2020-04-02,69000517,61779,535.6,52.048
2020-04-02,69000517,61780,535.6,57.609
2020-04-02,69000517,61652,535.6,63.217
2020-04-02,69000517,61653,535.6,100.686
2020-04-02,69000517,61784,535.6,45.637
2020-04-02,69000517,61785,535.6,20.368
2020-02-11,69000516,60769,602.39,50.63
2020-02-11,69000516,61114,602.39,50.931
2020-02-11,69000516,61778,535.6,40.04
2020-02-11,69000516,61779,535.6,38.099
2020-02-11,69000516,61652,535.6,38.484
2020-02-11,69000516,61653,535.6,48.44
2020-02-11,69000516,61781,535.6,24.126
2020-02-11,69000516,61782,535.6,46.618
2020-02-11,69000516,61783,535.6,2.704
2020-02-11,69000516,61784,535.6,53.75
2020-02-11,69000516,61785,535.6,60.732
2020-02-11,69000516,60765,726.03,20.327
2020-02-11,69000516,61410,726.03,16.778
2020-02-11,69000516,60976,726.03,20.333
2020-02-11,69000516,37335,726.03,10.652
2020-02-11,69000516,60977,726.03,16.345
2020-02-24,69000516,61783,535.6,17.713
2020-01-20,69000515,61580,5.75,37.6900832
2020-01-20,69000515,61316,8.26,82.3591636
2020-01-20,69000515,61320,8.26,82.8749593
2020-06-29,68000546,61055,19.85,21.106995
2020-06-29,68000546,61055,19.85,2.621892
2020-06-22,68000546,61276,5.75,17.847088
2020-06-22,68000546,61055,19.85,2.643186
2020-06-30,68000543,61505,9.81,18.79683
2020-06-30,68000543,61505,9.81,28.29762
2020-06-30,68000543,61341,9.81,10.17744
2020-06-30,68000542,62052,5.52,57.615648
2020-06-30,68000542,61914,5.52,17.58224
2020-06-30,68000542,61215,13.61,27.770074
2020-06-30,68000542,61216,13.61,16.344392
2020-06-30,68000542,61914,5.52,35.36136
2020-06-30,68000542,61502,13.61,26.685748
2020-06-30,68000542,61512,13.61,46.272704
2020-06-30,68000542,61215,13.61,12.312904
2020-06-30,68000542,62052,5.52,69.866827
2020-06-30,68000542,61914,5.52,17.512476
2020-06-30,68000542,61502,13.61,2.658618
2020-06-30,68000542,61215,13.61,30.963616
2020-06-30,68000542,61216,13.61,16.388842
2020-06-30,68000542,62052,5.52,19.361436
2020-06-30,68000542,61914,5.52,35.034903
2020-06-30,68000542,61215,13.61,12.473178
2020-06-30,68000542,61216,13.61,52.395628
2020-06-08,68000541,61566,9.29,21.62502
2020-06-08,68000541,61183,9.29,12.49466
2020-06-08,68000541,61016,9.29,44.15546
2020-06-08,68000541,61055,19.85,8.175804
2020-06-08,68000541,61566,9.29,37.2096
2020-06-08,68000541,61014,9.29,22.35755
2020-06-08,68000541,61183,9.29,18.12574
2020-06-08,68000541,61055,19.85,111.704775
2020-06-29,68000541,61047,9.81,106.451085
2020-06-17,68000541,61566,9.29,37.26179
2020-06-17,68000541,61014,9.29,7.57418
2020-06-17,68000541,61183,9.29,34.98362
2020-06-17,68000541,61670,5.75,4.40552
2020-06-17,68000541,61276,5.75,12.600448
2020-06-17,68000541,61283,5.75,29.778336
2020-06-17,68000541,61640,7.34,14.348442
2020-06-17,68000541,61045,7.34,5.177452
2020-06-17,68000541,61046,7.34,19.473626
2020-06-17,68000541,61053,12.98,9.8959
2020-06-22,68000541,61891,5.52,
2020-06-22,68000541,61862,5.52,5.069553
2020-06-22,68000541,61941,5.52,15.27211
2020-06-22,68000541,61031,14.93,44.611203
2020-06-22,68000541,61225,14.93,7.983339
2020-06-22,68000541,61233,14.93,6.133764
2020-06-22,68000541,61041,14.93,39.200343
2020-06-22,68000541,61293,7.34,18.096116
2020-06-22,68000541,61862,5.52,15.236265
2020-06-22,68000541,61940,5.52,5.636546
2020-06-22,68000541,61031,14.93,78.72501
2020-06-22,68000541,61225,14.93,10.844652
2020-06-22,68000541,61670,5.75,2.178512
2020-06-22,68000541,61580,5.75,4.61832
2020-06-22,68000541,61276,5.75,9.941344
2020-06-22,68000541,61640,7.34,4.760476
2020-06-22,68000541,61045,7.34,18.168678
2020-06-22,68000541,61891,5.52,
2020-06-22,68000541,61940,5.52,19.578753
2020-06-22,68000541,61031,14.93,91.684866
2020-06-22,68000541,61225,14.93,16.18617
2020-06-22,68000541,61233,14.93,8.969415
2020-06-22,68000541,61293,7.34,9.10018
2020-06-22,68000541,61640,7.34,9.643592
2020-06-22,68000541,61047,9.81,2.38836
2020-06-22,68000541,61561,12.98,5.293925
2020-06-22,68000541,61051,12.98,5.5118
2020-06-22,68000541,61053,12.98,6.579125
2020-06-22,68000541,61031,14.93,104.277537
2020-06-22,68000541,61225,14.93,16.165695
2020-06-22,68000541,61233,14.93,18.000255
2020-06-22,68000541,61041,14.93,52.200057
2020-06-22,68000541,61293,7.34,4.569946
2020-06-22,68000541,61640,7.34,14.282742
2020-06-22,68000541,61046,7.34,25.194782
2020-06-17,68000541,61862,5.52,17.895857
2020-06-17,68000541,61940,5.52,19.522578
2020-06-17,68000541,61566,9.29,23.71568
2020-06-17,68000541,61014,9.29,29.91915
2020-06-17,68000541,61183,9.29,40.85967
2020-06-17,68000541,61016,9.29,19.48931
2020-06-17,68000541,61670,5.75,8.880928
2020-06-17,68000541,61580,5.75,9.218384
2020-06-17,68000541,61276,5.75,12.471424
2020-06-17,68000541,61293,7.34,6.845794
2020-06-17,68000541,61046,7.34,19.543122
2020-06-17,68000541,61566,9.29,18.22043
2020-06-17,68000541,61183,9.29,42.17717
2020-06-17,68000541,61016,9.29,19.26644
2020-06-17,68000541,61670,5.75,26.429312
2020-06-17,68000541,61580,5.75,18.363296
2020-06-17,68000541,61276,5.75,10.155152
2020-06-17,68000541,61283,5.75,19.0428
2020-06-17,68000541,61293,7.34,13.706918
2020-06-17,68000541,61640,7.34,23.941226
2020-06-17,68000541,61045,7.34,10.435788
2020-06-17,68000541,61561,12.98,5.310375
2020-06-17,68000541,61051,12.98,3.044475
2020-06-29,68000541,61047,9.81,101.6418
2020-06-29,68000541,61440,9.81,16.964415
2020-06-10,68000540,61930,5.46,8.129111
2020-06-10,68000540,61931,5.46,28.52085
2020-06-10,68000540,61090,14.78,131.977209
2020-06-10,68000540,61096,8.76,104.14845
2020-06-10,68000540,61097,8.76,24.803625
2020-06-23,68000540,61085,11.1,321.012985
2020-06-23,68000540,62020,11.1,154.45766
2020-06-19,68000540,61930,5.46,18.993677
2020-06-19,68000540,61931,5.46,19.900609
2020-06-19,68000540,61083,8.8,329.870646
2020-06-19,68000540,61084,8.8,347.784633
2020-06-19,68000540,61089,14.78,526.455657
2020-06-19,68000540,61090,14.78,29.64507
2020-06-19,68000540,61094,8.01,329.735084
2020-06-19,68000540,61102,19.65,73.41516
2020-06-19,68000540,61103,19.65,25.93773
2020-06-10,68000538,61089,14.78,238.304703
2020-06-10,68000538,61094,8.01,101.032813
2020-06-10,68000538,61096,8.76,17.525725
2020-06-10,68000538,61094,8.01,2.555392
2020-06-10,68000538,61096,8.76,7.88865
2020-05-26,68000536,61670,5.75,14.98392
2020-05-26,68000536,61276,5.75,7.333312
2020-05-26,68000536,61283,5.75,42.3752
2020-05-26,68000536,61580,5.75,22.368976
2020-05-26,68000536,61276,5.75,41.672512
2020-06-01,68000536,61030,14.93,13.517049
2020-06-01,68000536,61225,14.93,5.601414
2020-06-01,68000536,61233,14.93,21.753732
2020-06-01,68000536,61041,14.93,15.814071
2020-06-01,68000536,61670,5.75,4.2756
2020-06-01,68000536,61276,5.75,12.272848
2020-06-01,68000536,61283,5.75,7.942704
2020-06-01,68000536,61293,7.34,22.635986
2020-06-01,68000536,61640,7.34,28.585194
2020-06-01,68000536,61045,7.34,51.29126
2020-06-01,68000536,61046,7.34,25.43831
2020-06-01,68000536,61891,5.52,
2020-06-01,68000536,61940,5.52,40.966234
2020-06-01,68000536,61030,14.93,8.030841
2020-06-01,68000536,61041,14.93,31.502562
2020-06-01,68000536,61670,5.75,6.386464
2020-06-01,68000536,61293,7.34,24.675168
2020-06-01,68000536,61640,7.34,30.970688
2020-06-01,68000536,61045,7.34,2.551788
2020-06-01,68000536,61046,7.34,16.89074
2020-06-01,68000536,61330,9.81,19.036095
2020-06-09,68000536,61225,14.93,39.499278
2020-06-09,68000536,61233,14.93,15.590757
2020-06-09,68000536,61041,14.93,22.407567
2020-06-09,68000536,61046,7.34,8.469752
2020-06-09,68000536,61561,12.98,11.595325
2020-06-09,68000536,61051,12.98,10.70615
2020-06-09,68000536,61053,12.98,16.764475
2020-06-17,68000536,61016,9.29,19.92893
2020-06-17,68000536,61580,5.75,2.222528
2020-06-17,68000536,61276,5.75,2.437792
2020-06-17,68000536,61640,7.34,2.39002
2020-06-17,68000536,61046,7.34,2.807434
2020-06-17,68000536,61344,9.81,5.53098
2020-06-22,68000536,62140,9.29,8.01754
2020-06-22,68000536,61014,9.29,65.36262
2020-06-22,68000536,61183,9.29,2.9512
2020-06-29,68000536,61014,9.29,8.12719
2020-06-29,68000536,61016,9.29,12.91592
2020-06-17,68000536,61344,9.81,2.796885
2020-06-22,68000536,61183,9.29,15.33638
2020-06-22,68000536,61016,9.29,43.18289
2020-06-22,68000536,61670,5.75,4.250848
2020-06-22,68000536,61014,9.29,18.69065
2020-06-22,68000536,61580,5.75,2.247616
2020-06-22,68000536,61330,9.81,2.349165
2020-06-15,68000535,62121,524.79,89.002
2020-06-25,68000535,61080,601.94,45.406
2020-06-25,68000535,61660,524.79,25.886
2020-06-25,68000535,60810,524.79,26.49
2020-06-25,68000535,62070,524.79,3.338
2020-06-25,68000535,61742,724.35,8.146
2020-06-25,68000535,61731,724.35,77.602
2020-06-25,68000535,55836,724.35,53.072
2020-06-05,68000533,61930,5.46,91.382494
2020-06-05,68000533,61931,5.46,90.201642
2020-06-05,68000533,61083,8.71,177.658026
2020-06-05,68000533,61084,8.71,176.990198
2020-06-05,68000533,61085,10.98,334.346185
2020-06-05,68000533,62020,10.98,342.561765
2020-06-05,68000533,61089,14.63,93.3387
2020-06-05,68000533,61090,14.63,92.505777
2020-06-05,68000533,61097,8.66,15.734775
2020-06-05,68000533,61101,11.5,62.79805
2020-06-05,68000533,61103,19.5,15.26343
2020-05-26,68000533,61089,14.63,21.346962
2020-05-26,68000533,61090,14.63,74.604621
2020-06-10,68000533,61083,8.71,320.150432
2020-06-10,68000533,61084,8.71,358.150296
2020-05-18,68000531,61862,5.22,7.16365
2020-05-18,68000531,61566,9.11,68.81141
2020-05-18,68000531,61014,9.11,5.50426
2020-05-18,68000531,61016,9.11,33.10495
2020-05-18,68000531,61031,14.62,59.03625
2020-05-18,68000531,61225,14.62,20.367165
2020-05-18,68000531,61041,14.62,34.748259
2020-05-18,68000531,61440,9.59,11.614785
2020-05-18,68000531,61561,12.78,2.6495
2020-05-18,68000531,61566,9.11,18.54054
2020-05-18,68000531,61183,9.11,18.73332
2020-05-18,68000531,61031,14.62,59.222163
2020-05-18,68000531,61225,14.62,2.898168
2020-05-18,68000531,61233,14.62,16.071783
2020-05-18,68000531,61047,9.59,84.858735
2020-05-18,68000531,61055,12.78,47.520018
2020-05-18,68000531,61566,9.11,37.55623
2020-05-18,68000531,61014,9.11,51.74239
2020-05-18,68000531,61016,9.11,13.27292
2020-05-18,68000531,61031,14.62,104.23413
2020-05-18,68000531,61233,14.62,19.467357
2020-05-18,68000531,61041,14.62,6.976515
2020-05-18,68000531,61047,9.59,18.88029
2020-06-08,68000531,61891,5.22,
2020-05-26,68000531,61183,9.11,37.17339
2020-05-26,68000531,61031,14.62,8.505042
2020-05-26,68000531,61233,14.62,6.430515
2020-05-26,68000531,61041,14.62,3.494946
2020-05-26,68000531,61580,5.62,6.845776
2020-05-26,68000531,61276,5.62,12.34968
2020-05-26,68000531,61283,5.62,21.546336
2020-05-04,68000531,61941,5.22,18.050579
2020-05-11,68000531,61891,5.22,
2020-05-11,68000531,61862,5.22,27.045962
2020-05-11,68000531,61940,5.22,38.816497
2020-05-11,68000531,61047,9.59,56.605185
2020-05-11,68000531,61561,12.78,18.63435
2020-05-26,68000531,61183,9.11,18.65274
2020-05-26,68000531,61670,5.62,19.347216
2020-05-26,68000531,61580,5.62,13.659072
2020-05-26,68000531,61276,5.62,19.73888
2020-05-26,68000531,61293,7.18,27.066648
2020-05-26,68000531,61045,7.18,21.605956
2020-05-26,68000531,61047,9.59,4.694625
2020-05-26,68000531,61055,12.78,2.629809
2020-05-11,68000531,61891,5.22,
2020-05-11,68000531,61862,5.22,22.109089
2020-05-11,68000531,61940,5.22,32.916945
2020-05-11,68000531,61047,9.59,75.821655
2020-05-11,68000531,61051,12.78,3.07755
2020-05-11,68000531,61051,12.78,3.064775
2020-06-22,68000531,61891,5.22,
2020-06-02,68000527,60136,519.28,5.504
2020-06-02,68000527,62070,519.28,147.362
2020-06-02,68000527,61662,519.28,32.385
2020-06-02,68000527,60216,519.28,46.056
2020-06-02,68000527,62131,519.28,68.567
2020-06-02,68000527,61742,718.84,27.327
2020-06-02,68000527,61730,718.84,51.296
2020-06-02,68000527,61053,718.84,88.437
2020-05-04,68000527,61662,519.28,2.506
2020-06-25,68000527,60720,519.28,36.134
2020-06-25,68000527,62020,519.28,70.567
2020-06-25,68000527,61203,519.28,6.851
2020-06-25,68000527,60216,519.28,2.713
2020-06-25,68000527,61731,718.84,9.031
2020-06-25,68000527,61053,718.84,10.298
2020-06-15,68000527,60720,519.28,12.012
2020-06-15,68000527,62020,519.28,6.382
2020-06-15,68000527,60136,519.28,44.867
2020-06-15,68000527,62070,519.28,36.543
2020-06-15,68000527,61662,519.28,117.628
2020-06-15,68000527,61711,519.28,96.398
2020-06-15,68000527,62131,519.28,58.957
2020-06-15,68000527,61731,718.84,18.073
2020-06-16,68000526,61970,1029.65,25.685
2020-06-16,68000526,62102,1029.65,26.945
2020-04-20,68000524,61931,5.16,39.475189
2020-04-20,68000524,61083,8.62,309.451821
2020-04-20,68000524,61084,8.62,220.292114
2020-04-20,68000524,61085,10.87,175.4226
2020-04-20,68000524,62020,10.87,249.341705
2020-04-20,68000524,61095,7.84,124.505486
2020-04-20,68000524,61085,10.87,2.838635
2020-05-04,68000524,61090,14.48,98.306754
2020-05-04,68000524,61092,5.56,198.207184
2020-05-04,68000524,61093,5.56,221.802896
2020-05-04,68000524,61094,7.84,161.195454
2020-05-29,68000522,61970,1029.65,52.086
2020-05-29,68000522,62100,1029.65,22.687
2020-05-29,68000522,62101,1029.65,47.84
2020-05-29,68000522,62102,1029.65,51.26
2020-04-27,68000521,61051,12.78,9.4241
2020-04-27,68000521,61055,19.54,21.383544
2020-04-06,68000521,61862,5.22,17.427946
2020-04-20,68000521,61041,14.62,56.004039
2020-04-20,68000521,61293,7.18,13.064518
2020-04-20,68000521,61046,7.18,2.693992
2020-04-20,68000521,61440,9.59,2.808195
2020-04-20,68000521,61055,19.54,7.689864
2020-04-13,68000521,61041,14.62,7.030296
2020-04-13,68000521,61293,7.18,39.03821
2020-04-13,68000521,61046,7.18,27.755914
2020-04-13,68000521,61440,9.59,22.55565
2020-05-18,68000521,61293,7.18,8.796646
2020-04-21,68000520,61591,5.62,78.343216
2020-04-21,68000520,61580,5.62,18.83896
2020-04-21,68000520,61592,5.62,18.899104
2020-04-06,68000520,61591,5.62,77.254016
2020-04-06,68000520,61580,5.62,49.610176
2020-04-06,68000520,62060,5.62,44.619008
2020-04-06,68000520,61592,5.62,2.694272
2020-04-21,68000520,61591,5.62,77.6384
2020-04-21,68000520,62060,5.62,2.54912
2020-04-21,68000520,61592,5.62,53.315696
2020-04-21,68000520,61591,5.62,58.594256
2020-04-21,68000520,61592,5.62,56.41384
2020-04-06,68000520,61591,5.62,56.12768
2020-04-06,68000520,61580,5.62,18.957008
2020-04-06,68000520,62060,5.62,99.08752
2020-04-21,68000520,61591,5.62,38.741248
2020-04-21,68000520,61580,5.62,37.165072
2020-04-21,68000520,61592,5.62,18.468464
2020-04-21,68000520,61591,5.62,58.593808
2020-04-21,68000520,61592,5.62,18.777024
2020-04-21,68000520,61591,5.62,39.398352
2020-04-21,68000520,61580,5.62,18.453008
2020-04-21,68000520,61592,5.62,18.843888
2020-04-13,68000520,61591,5.62,62.485696
2020-04-13,68000520,61580,5.62,44.521568
2020-04-13,68000520,62060,5.62,2.470608
2020-04-13,68000520,61592,5.62,16.134608
2020-04-13,68000520,61316,7.91,19.404525
2020-04-13,68000520,62050,7.91,21.188083
2020-04-13,68000520,61591,5.62,67.128656
2020-04-13,68000520,61580,5.62,9.443616
2020-04-13,68000520,62060,5.62,29.730624
2020-04-13,68000520,61592,5.62,18.736816
2020-04-13,68000520,61316,7.91,39.349205
2020-04-13,68000520,62050,7.91,21.288225
2020-04-21,68000519,61500,8.53,47.956265
2020-04-21,68000519,61001,8.53,25.975418
2020-04-21,68000519,61502,13.32,2.689606
2020-04-21,68000519,61500,8.53,56.26306
2020-04-21,68000519,61001,8.53,26.019854
2020-04-21,68000519,61502,13.32,7.968996
2020-04-21,68000519,61512,13.32,5.773928
2020-04-21,68000519,61500,8.53,72.059575
2020-04-21,68000519,61001,8.53,43.073135
2020-04-21,68000519,61500,8.53,13.366059
2020-04-21,68000519,61001,8.53,25.853219
2020-04-21,68000519,61500,8.53,29.510495
2020-04-21,68000519,61001,8.53,49.044464
2020-04-21,68000519,61502,13.32,37.21354
2020-04-21,68000519,61500,8.53,32.096316
2020-04-21,68000519,61001,8.53,11.383988
2020-04-21,68000519,61502,13.32,13.300964
2020-05-04,68000518,61661,519.28,24.912
2020-05-04,68000518,53265,519.28,49.993
2020-05-04,68000518,60136,519.28,24.545
2020-05-04,68000518,62070,519.28,195.402
2020-05-04,68000518,61662,519.28,22.239
2020-05-04,68000518,60811,519.28,40.576
2020-05-06,68000518,60232,596.43,95.299
2020-05-06,68000518,60720,519.28,72.767
2020-05-06,68000518,60205,519.28,51.667
2020-05-06,68000518,61203,519.28,114.491
2020-05-06,68000518,61053,718.84,30.616
2020-05-04,68000518,61080,596.43,49.89
2020-05-04,68000518,61660,519.28,49.237
2020-05-04,68000518,60720,519.28,64.627
2020-05-04,68000518,60205,519.28,8.541
2020-05-04,68000518,61203,519.28,6.049
2020-05-04,68000518,60810,519.28,49.388
2020-05-04,68000518,60137,519.28,48.537
2020-05-04,68000518,62070,519.28,3.261
2020-05-04,68000518,60811,519.28,8.757
2020-05-04,68000518,60139,519.28,57.577
2020-06-02,68000518,60232,596.43,2.983
2020-06-02,68000518,61660,519.28,2.39
2020-06-02,68000518,60205,519.28,88.632
2020-06-02,68000518,61203,519.28,27.908
2020-06-02,68000518,61662,519.28,2.454
2020-06-02,68000518,61731,718.84,51.884
2020-06-02,68000518,62110,738.84,49.568
2020-06-02,68000518,61053,718.84,20.589
2020-06-02,68000518,62110,738.84,32.112
2020-04-20,68000517,62040,5.16,77.760859
2020-04-13,68000516,61862,5.22,44.958297
2020-04-13,68000516,61940,5.22,8.101291
2020-04-13,68000516,61941,5.22,6.191234
2020-04-13,68000516,61566,9.11,27.03714
2020-04-13,68000516,61014,9.11,25.2552
2020-05-29,68000516,61283,5.62,2.711744
2020-05-29,68000516,61047,9.59,7.764705
2020-05-29,68000516,61440,9.59,5.98494
2020-05-29,68000516,61047,9.59,4.09578
2020-04-27,68000516,61862,5.22,15.211655
2020-04-27,68000516,61031,14.62,27.368523
2020-04-27,68000516,61233,14.62,47.458593
2020-04-27,68000516,61041,14.62,81.467841
2020-04-27,68000516,61047,9.59,14.56611
2020-04-20,68000516,61580,5.62,53.999904
2020-04-20,68000516,61293,7.18,41.0114
2020-04-20,68000516,61045,7.18,36.5876
2020-04-20,68000516,61580,5.62,2.269568
2020-05-11,68000516,61276,5.62,2.529408
2020-05-11,68000516,61283,5.62,10.870608
2020-05-11,68000516,61047,9.59,45.093165
2020-05-11,68000516,61047,9.59,35.781525
2020-05-11,68000516,61047,9.59,2.425605
2020-05-04,68000516,61031,14.62,152.511723
2020-05-04,68000516,61047,9.59,38.23326
2020-04-06,68000516,61891,5.22,
2020-04-06,68000516,61940,5.22,27.786081
2020-04-06,68000516,61941,5.22,12.115289
2020-04-06,68000516,61566,9.11,132.24317
2020-04-06,68000516,61014,9.11,8.26625
2020-03-19,68000516,61183,9.11,15.33434
2020-03-19,68000516,61016,9.11,82.12394
2020-03-19,68000516,61055,19.54,69.301869
2020-03-19,68000516,61564,19.54,6.669936
2020-03-23,68000516,61014,9.11,19.56326
2020-03-23,68000516,61183,9.11,21.43224
2020-03-23,68000516,61016,9.11,36.25743
2020-03-23,68000516,61580,5.62,2.269568
2020-03-23,68000516,61283,5.62,16.351552
2020-03-23,68000516,61045,7.18,15.527392
2020-03-23,68000516,61047,9.59,19.83852
2020-03-30,68000516,61941,5.22,6.320704
2020-03-30,68000516,61183,9.11,9.12747
2020-03-30,68000516,61016,9.11,9.90403
2020-03-30,68000516,61047,9.59,11.650665
2020-03-30,68000516,61055,19.54,18.817617
2020-05-29,68000516,61862,5.22,2.524451
2020-05-29,68000516,61670,5.62,4.448864
2020-05-29,68000516,61293,7.18,2.204454
2020-05-29,68000516,61047,9.59,2.41917
2020-04-20,68000516,61293,7.18,18.159334
2020-04-20,68000516,61045,7.18,20.938152
2020-04-20,68000516,61047,9.59,149.712615
2020-05-04,68000516,61031,14.62,76.063806
2020-05-04,68000516,61233,14.62,9.537801
2020-05-04,68000516,61670,5.62,8.873536
2020-05-04,68000516,61276,5.62,35.575568
2020-05-04,68000516,61283,5.62,38.081792
2020-05-04,68000516,61047,9.59,19.31514
2020-05-04,68000516,61566,9.11,10.73465
2020-05-04,68000516,61014,9.11,8.3538
2020-05-04,68000516,61031,14.62,76.250538
2020-05-04,68000516,61670,5.62,17.733408
2020-05-04,68000516,61047,9.59,58.047795
2020-04-20,68000515,61099,11.41,74.24837
2020-04-06,68000515,61102,19.35,224.222544
2020-04-06,68000515,61103,19.35,21.842457
2020-03-25,68000515,61089,14.48,163.322523
2020-03-25,68000515,61090,14.48,22.211826
2020-03-25,68000515,61096,8.57,179.724825
2020-03-25,68000515,61097,8.57,18.842775
2020-03-25,68000515,61099,11.41,58.353645
2020-03-25,68000515,61101,11.41,11.166477
2020-04-07,68000514,61080,596.43,31.467
2020-04-07,68000514,53265,519.28,51.967
2020-04-07,68000514,60137,519.28,30.486
2020-04-07,68000514,62070,519.28,74.193
2020-04-07,68000514,62081,738.84,25.355
2020-04-07,68000514,61632,718.84,19.535
2020-04-15,68000514,61080,596.43,20.071
2020-04-15,68000514,60720,519.28,58.046
2020-04-15,68000514,53265,519.28,23.667
2020-04-15,68000514,60137,519.28,45.609
2020-04-15,68000514,62081,738.84,25.137
2020-04-15,68000514,61632,718.84,33.647
2020-04-20,68000513,62040,5.16,49.204164
2020-04-20,68000512,61085,10.87,38.97993
2020-04-20,68000512,62020,10.87,17.724095
2020-03-02,68000512,61930,5.16,5.285586
2020-03-02,68000512,61931,5.16,8.379598
2020-03-25,68000512,61930,5.16,116.303436
2020-03-25,68000512,61931,5.16,122.86703
2020-03-25,68000512,61083,8.62,414.091195
2020-03-25,68000512,61084,8.62,641.835516
2020-03-25,68000512,61085,10.87,194.996615
2020-03-25,68000512,62020,10.87,186.971685
2020-03-25,68000512,61090,14.48,54.339285
2020-03-25,68000512,61092,5.56,377.543376
2020-03-25,68000512,61093,5.56,534.69752
2020-03-25,68000512,61094,7.84,147.416913
2020-03-25,68000512,61095,7.84,186.76161
2020-03-25,68000512,61099,11.41,15.51718
2020-03-25,68000512,61101,11.41,21.683319
2020-03-25,68000512,61103,19.35,3.120936
2020-03-31,68000511,62060,5.62,81.888352
2020-03-31,68000511,62050,7.91,15.663529
2020-03-31,68000511,62051,9.59,18.54411
2020-03-24,68000511,61580,5.62,18.628848
2020-03-24,68000511,62060,5.62,5.006176
2020-03-24,68000511,61313,7.91,2.267846
2020-03-24,68000511,61316,7.91,2.457665
2020-03-24,68000511,62050,7.91,7.924098
2020-03-24,68000511,61320,7.91,5.580904
2020-03-24,68000511,61505,9.59,15.53253
2020-03-24,68000511,61591,5.62,71.2012
2020-03-24,68000511,61580,5.62,18.382224
2020-03-24,68000511,61313,7.91,6.804182
2020-03-24,68000511,61505,9.59,2.25186
2020-03-17,68000511,61591,5.62,4.249952
2020-03-17,68000511,61580,5.62,15.818768
2020-03-17,68000511,62060,5.62,17.363696
2020-03-17,68000511,61505,9.59,2.24211
2020-03-17,68000511,62051,9.59,2.5662
2020-03-31,68000511,62060,5.62,108.278576
2020-03-31,68000511,62050,7.91,2.593549
2020-03-31,68000511,61320,7.91,8.376508
2020-03-31,68000511,62051,9.59,7.733895
2020-03-31,68000511,61507,9.59,11.096865
2020-03-25,68000511,61580,5.62,20.93728
2020-03-25,68000511,61313,7.91,4.489968
2020-03-25,68000511,61316,7.91,24.102022
2020-03-25,68000511,61505,9.59,2.22807
2020-03-25,68000511,61341,9.59,4.82469
2020-03-17,68000511,61591,5.62,16.97584
2020-03-17,68000511,61580,5.62,65.632112
2020-03-17,68000511,61313,7.91,14.906346
2020-03-17,68000511,61341,9.59,2.37354
2020-03-17,68000511,61591,5.62,29.879248
2020-03-17,68000511,61580,5.62,63.688464
2020-03-17,68000511,61313,7.91,15.161048
2020-03-17,68000511,61316,7.91,7.262066
2020-03-17,68000511,61341,9.59,4.813185
2020-03-24,68000511,61591,5.62,83.825504
2020-03-24,68000511,61580,5.62,30.24504
2020-03-24,68000511,61313,7.91,2.251424
2020-03-24,68000511,61505,9.59,13.04862
2020-03-24,68000511,61341,9.59,4.77477
2020-04-13,68000511,61591,5.62,2.120496
2020-04-13,68000511,61505,9.59,4.54194
2020-04-13,68000511,61341,9.59,2.360475
2020-03-24,68000511,61591,5.62,30.387728
2020-03-24,68000511,61580,5.62,4.655728
2020-03-24,68000511,61313,7.91,13.357204
2020-03-24,68000511,61316,7.91,2.44237
2020-03-24,68000511,61505,9.59,22.020765
2020-03-24,68000511,61341,9.59,7.357935
2020-03-17,68000511,61580,5.62,16.03168
2020-03-17,68000511,61313,7.91,8.665181
2020-03-17,68000511,62050,7.91,7.836514
2020-03-17,68000511,61320,7.91,8.398404
2020-03-31,68000511,62060,5.62,39.798864
2020-03-31,68000511,61316,7.91,4.932718
2020-03-31,68000511,62050,7.91,10.524248
2020-03-31,68000511,61320,7.91,8.451212
2020-03-31,68000511,62051,9.59,15.61248
2020-04-13,68000511,62060,5.62,2.533776
2020-04-13,68000511,62050,7.91,7.745549
2020-04-13,68000511,61341,9.59,4.95144
2020-04-13,68000511,62051,9.59,10.38141
2020-03-25,68000511,61591,5.62,73.626
2020-03-25,68000511,61580,5.62,21.208208
2020-03-25,68000511,61313,7.91,2.25722
2020-03-25,68000511,61316,7.91,22.065211
2020-03-25,68000511,61505,9.59,12.890475
2020-03-25,68000511,61341,9.59,2.340975
2020-03-17,68000511,61591,5.62,21.26544
2020-03-17,68000511,61580,5.62,27.346032
2020-03-17,68000511,61313,7.91,8.722336
2020-03-17,68000511,61316,7.91,19.132596
2020-03-17,68000511,61341,9.59,4.824105
2020-03-17,68000511,61591,5.62,12.733392
2020-03-17,68000511,61580,5.62,31.809344
2020-03-17,68000511,61313,7.91,6.505688
2020-03-17,68000511,61316,7.91,7.278327
2020-03-17,68000511,61341,9.59,2.358915
2020-03-31,68000510,61502,13.32,59.728862
2020-03-31,68000510,61512,13.32,8.406892
2020-03-31,68000510,60463,13.32,6.01472
2020-03-24,68000510,61500,8.53,19.796721
2020-03-24,68000510,61122,8.53,2.905728
2020-03-24,68000510,60463,13.32,18.058384
2020-03-17,68000510,61912,5.22,9.314885
2020-03-17,68000510,61913,5.22,20.187583
2020-03-17,68000510,61500,8.53,19.684021
2020-03-17,68000510,61001,8.53,10.67108
2020-03-31,68000510,61502,13.32,15.824454
2020-03-31,68000510,61512,13.32,2.798826
2020-03-10,68000510,62052,5.22,10.649924
2020-03-10,68000510,61122,8.44,8.184113
2020-03-17,68000510,61913,5.22,20.051051
2020-03-17,68000510,62052,5.22,32.000383
2020-03-17,68000510,61500,8.53,2.50194
2020-03-17,68000510,61122,8.53,35.676634
2020-03-17,68000510,61130,8.53,30.382954
2020-03-24,68000510,61500,8.53,19.931317
2020-03-24,68000510,61122,8.53,19.437047
2020-03-24,68000510,61502,13.32,15.530068
2020-03-24,68000510,60463,13.32,45.369226
2020-03-24,68000510,61514,17.67,12.097289
2020-03-24,68000510,61417,17.67,7.939046
2020-03-24,68000510,62052,5.22,18.775076
2020-03-24,68000510,61500,8.53,2.476019
2020-03-24,68000510,61122,8.53,63.207956
2020-03-24,68000510,61130,8.53,5.973905
2020-03-24,68000510,61264,17.67,12.475066
2020-03-24,68000510,61500,8.53,20.109705
2020-03-24,68000510,61122,8.53,19.455723
2020-03-10,68000510,61913,5.22,30.119644
2020-03-10,68000510,61001,8.44,31.748395
2020-03-10,68000510,61913,5.22,29.9921
2020-03-10,68000510,61001,8.44,50.377222
2020-03-10,68000510,61130,8.44,18.339188
2020-03-17,68000510,61912,5.22,9.307395
2020-03-17,68000510,61500,8.53,7.396501
2020-03-17,68000510,61001,8.53,23.509381
2020-03-24,68000510,61500,8.53,49.656425
2020-03-24,68000510,61514,17.67,21.946788
2020-03-24,68000510,61417,17.67,7.787059
2020-03-24,68000510,61500,8.53,19.646025
2020-03-24,68000510,61122,8.53,20.233997
2020-03-17,68000510,61912,5.22,9.326013
2020-03-17,68000510,62052,5.22,10.633339
2020-03-17,68000510,61001,8.53,10.622297
2020-03-17,68000510,61130,8.53,30.197482
2020-03-17,68000510,61912,5.22,9.299263
2020-03-17,68000510,61913,5.22,45.418611
2020-03-17,68000510,61500,8.53,9.912126
2020-03-17,68000510,61001,8.53,15.776229
2020-03-17,68000510,61912,5.22,9.242339
2020-03-17,68000510,61913,5.22,40.115263
2020-03-17,68000510,62052,5.22,18.740729
2020-03-17,68000510,61500,8.53,22.339394
2020-03-17,68000510,61001,8.53,10.706822
2020-03-10,68000509,61508,9.48,7.021068
2020-03-10,68000509,61345,9.48,10.775188
2020-03-10,68000509,61345,9.48,2.680335
2020-03-10,68000509,61139,12.78,5.61295
2020-03-10,68000509,61140,12.78,12.0218
2020-03-17,68000509,61345,9.48,5.334635
2020-03-03,68000508,61505,9.59,33.395115
2020-03-17,68000508,62060,5.62,2.466464
2020-03-17,68000508,62050,7.91,2.575517
2020-03-17,68000508,61505,9.59,2.22339
2020-03-10,68000508,61580,5.62,4.562656
2020-03-10,68000508,61313,7.91,11.494273
2020-03-10,68000508,61316,7.91,9.844667
2020-03-10,68000508,62050,7.91,10.581081
2020-03-10,68000508,61320,7.91,22.122044
2020-03-10,68000508,61505,9.59,2.24718
2020-03-11,68000508,61580,5.62,16.067632
2020-03-11,68000508,62060,5.62,17.202752
2020-03-11,68000508,62050,7.91,23.363193
2020-03-11,68000508,61320,7.91,2.810577
2020-03-10,68000508,61316,7.91,19.764843
2020-03-10,68000508,61580,5.62,18.291952
2020-04-13,68000508,61505,9.59,2.249325
2020-03-24,68000507,61913,5.22,19.972299
2020-03-17,68000507,61001,8.7,5.422802
2020-03-17,68000507,61502,13.6,4.866132
2020-03-17,68000507,61512,13.6,10.322052
2020-03-31,68000507,61512,13.6,5.081778
2020-03-10,68000507,61913,5.22,27.55892
2020-03-10,68000507,62052,5.22,10.722363
2020-03-10,68000507,61001,8.7,2.670346
2020-03-10,68000507,61502,13.6,7.051802
2020-03-10,68000507,61512,13.6,7.599172
2020-03-10,68000507,61514,18.05,2.260596
2020-03-10,68000507,61913,5.22,2.469667
2020-03-10,68000507,62052,5.22,16.108957
2020-03-10,68000507,61122,8.7,20.07348
2020-03-10,68000507,61122,8.7,20.096664
2020-03-03,68000507,61500,8.7,45.518403
2020-03-03,68000507,61001,8.7,10.958304
2020-03-24,68000507,61512,13.6,2.546096
2020-03-24,68000507,60463,13.6,16.2120072
2020-03-10,68000507,61913,5.22,29.896335
2020-03-10,68000507,61500,8.7,10.196935
2020-03-10,68000507,61913,5.22,14.978288
2020-03-10,68000507,61500,8.7,4.982628
2020-03-17,68000507,61913,5.22,7.463892
2020-03-17,68000507,61122,8.7,8.588706
2020-03-17,68000507,61502,13.6,11.81481
2020-03-17,68000507,60463,13.6,18.886932
2020-03-17,68000507,61514,18.05,15.955602
2020-03-31,68000507,61913,5.22,2.478013
2020-03-31,68000507,62052,5.22,10.705457
2020-03-31,68000507,60463,13.6,5.447792
2020-03-31,68000507,61514,18.05,2.271717
2020-03-17,68000507,61502,13.6,7.15772
2020-03-17,68000507,61512,13.6,12.827762
2020-03-17,68000507,61500,8.7,22.385762
2020-03-17,68000507,61001,8.7,5.430369
2020-03-17,68000507,61502,13.6,4.758436
2020-03-17,68000507,61512,13.6,7.642352
2020-03-10,68000506,61508,9.48,9.575165
2020-03-10,68000506,61136,9.48,7.834757
2020-03-10,68000506,61137,9.48,2.893441
2020-03-03,68000506,61509,12.78,17.35685
2020-03-03,68000506,61139,12.78,27.64055
2020-03-10,68000506,61508,9.48,4.944872
2020-03-10,68000506,61136,9.48,18.207355
2020-03-10,68000506,61345,9.48,13.878687
2020-03-10,68000506,61137,9.48,17.756124
2020-03-10,68000506,61140,12.78,6.045725
2020-03-10,68000506,61508,9.48,2.359279
2020-03-10,68000506,61140,12.78,18.00995
2020-03-17,68000506,61508,9.48,2.45999
2020-03-02,68000505,62040,5.16,35.871429
2020-02-21,68000505,62040,5.16,15.065386
2020-02-21,68000504,61930,5.16,37.532604
2020-02-21,68000504,61083,8.62,302.490503
2020-02-21,68000504,61084,8.62,379.023302
2020-02-21,68000504,61096,8.57,49.670075
2020-02-21,68000504,61097,8.57,10.407775
2020-03-09,68000504,61096,8.57,9.8805
2020-03-02,68000504,61930,5.16,56.281251
2020-03-02,68000504,61931,5.16,101.318193
2020-03-02,68000504,61083,8.62,197.809913
2020-03-02,68000504,61084,8.62,116.40139
2020-03-02,68000504,61085,10.87,280.772715
2020-03-02,68000504,62020,10.87,309.62462
2020-03-02,68000504,61089,14.48,227.813313
2020-03-02,68000504,61090,14.48,156.337545
2020-03-02,68000504,61092,5.56,344.52208
2020-03-02,68000504,61093,5.56,344.311632
2020-03-02,68000504,61094,7.84,158.19055
2020-03-02,68000504,61095,7.84,233.351629
2020-03-02,68000504,61099,11.41,49.301098
2020-03-02,68000504,61101,11.41,74.642176
2020-03-02,68000504,61103,19.35,12.697776
2020-02-27,68000503,61591,5.62,4.205152
2020-02-27,68000503,62060,5.62,44.482704
2020-02-27,68000503,61592,5.62,31.97208
2020-02-27,68000503,61591,5.62,21.362656
2020-02-27,68000503,61580,5.62,18.06784
2020-02-27,68000503,62060,5.62,44.086448
2020-02-27,68000503,61592,5.62,36.488816
2020-03-10,68000503,61592,5.62,2.610832
2020-02-27,68000503,61591,5.62,52.997392
2020-02-27,68000503,61580,5.62,45.419248
2020-03-03,68000503,61591,5.62,4.35456
2020-02-27,68000503,61591,5.62,16.937312
2020-02-27,68000503,61580,5.62,22.616384
2020-02-27,68000503,61591,9.59,46.912208
2020-02-27,68000503,61580,9.59,31.560704
2020-03-17,68000503,61591,5.62,2.102576
2020-02-12,68000502,61084,8.62,177.3415
2020-02-12,68000502,62020,10.87,125.998125
2020-02-12,68000502,61090,14.48,18.17634
2020-02-12,68000502,61090,14.48,37.132914
2020-02-12,68000502,61093,5.56,204.149008
2020-02-21,68000502,61084,8.62,70.474852
2020-02-25,68000501,61900,1039.94,25.476
2020-02-25,68000501,61881,1039.94,49.628
2020-02-27,68000500,61313,7.91,4.367447
2020-02-27,68000500,61316,7.91,13.802369
2020-02-27,68000500,61505,9.59,13.169715
2020-02-27,68000500,61341,9.59,23.491455
2020-02-27,68000500,61313,7.91,11.048464
2020-02-27,68000500,61316,7.91,9.196159
2020-02-27,68000500,62050,7.91,34.616771
2020-02-27,68000500,61505,9.59,13.11843
2020-02-27,68000500,61341,9.59,25.97829
2020-02-27,68000500,61313,7.91,4.363422
2020-02-27,68000500,61316,7.91,11.582501
2020-02-27,68000500,61505,12.78,22.017645
2020-02-27,68000500,62050,5.62,24.392144
2020-02-27,68000500,61505,9.59,4.38087
2020-02-27,68000500,62051,9.59,10.06044
2020-02-27,68000500,62050,7.91,12.384603
2020-02-27,68000500,61505,9.59,2.1879
2020-02-27,68000500,62051,9.59,5.031585
2020-02-25,68000499,61661,535.6,5.103
2020-02-25,68000499,53265,535.6,2.69
2020-02-25,68000499,60136,535.6,89.339
2020-02-25,68000499,60810,535.6,71.607
2020-02-25,68000499,60137,535.6,12.371
2020-02-25,68000499,60137,535.6,77.819
2020-02-25,68000499,50666,535.6,13.224
2020-02-25,68000499,60811,535.6,113.145
2020-02-25,68000499,60139,535.6,33.521
2020-02-25,68000499,53265,535.6,2.728
2020-02-25,68000499,60136,535.6,2.774
2020-03-09,68000499,61660,530.3,73.401
2020-03-09,68000499,37811,530.3,53.984
2020-03-09,68000499,60720,530.3,28.476
2020-03-09,68000499,60205,530.3,25.997
2020-03-09,68000499,18193,530.3,27.437
2020-02-20,68000499,61661,535.6,150.566
2020-02-20,68000499,53265,535.6,48.799
2020-02-20,68000499,60136,535.6,36.337
2020-02-20,68000499,60137,535.6,6.25
2020-02-20,68000499,50666,535.6,33.049
2020-02-20,68000499,60139,535.6,157.19
2020-03-09,68000499,61660,530.3,4.727
2020-03-09,68000499,60720,530.3,149.648
2020-03-09,68000499,60205,530.3,102.422
2020-03-09,68000499,18193,530.3,176.742
2020-03-09,68000499,60810,530.3,5.966
2020-03-09,68000499,60137,530.3,6.233
2020-03-09,68000499,50666,530.3,6.615
2020-03-09,68000499,60811,530.3,11.542
2020-03-09,68000499,60139,530.3,9.151
2020-03-03,68000498,61508,9.48,31.081218
2020-03-03,68000498,61139,12.78,2.730525
2020-02-27,68000498,61509,12.78,2.52455
2020-02-27,68000498,61140,12.78,8.76365
2020-02-27,68000498,61509,12.78,12.73545
2020-02-27,68000498,61139,12.78,5.566225
2020-03-10,68000498,61137,9.48,14.373225
2020-02-27,68000498,61509,12.78,5.101425
2020-02-27,68000498,61140,12.78,14.735525
2020-02-27,68000498,61509,12.78,17.95465
2020-02-27,68000498,61139,12.78,19.285175
2020-02-19,68000497,61500,8.7,59.155747
2020-02-19,68000497,61130,8.7,34.647522
2020-02-19,68000497,61502,13.6,39.150544
2020-02-19,68000497,61417,18.05,19.308752
2020-02-06,68000497,61913,5.22,24.658685
2020-02-06,68000497,61912,5.22,11.694565
2020-02-18,68000497,61500,8.7,55.251497
2020-02-18,68000497,61130,8.7,64.116962
2020-02-18,68000497,61264,18.05,9.355794
2020-02-19,68000497,61500,8.7,80.684345
2020-02-19,68000497,61001,8.7,10.283875
2020-02-19,68000497,61130,8.7,43.84191
2020-02-19,68000497,61502,13.6,14.167612
2020-02-19,68000497,60463,13.6,5.5600092
2020-02-19,68000497,61264,18.05,9.375677
2020-01-30,68000497,61913,5.22,17.406225
2020-02-18,68000497,61500,8.7,82.9472
2020-02-18,68000497,61001,8.7,10.155558
2020-02-18,68000497,61130,8.7,59.277463
2020-02-18,68000497,61264,18.05,3.117924
2020-01-30,68000497,61912,5.22,18.40828
2020-01-30,68000497,61913,5.22,17.442926
2020-01-30,68000497,61912,5.22,18.782138
2020-02-27,68000497,61130,8.7,8.855644
2020-02-27,68000497,61264,18.05,9.394886
2020-03-10,68000497,60463,13.6,5.555996
2020-03-10,68000497,61417,18.05,11.06034
2020-02-27,68000497,61130,8.7,11.82062
2020-02-13,68000496,61940,5.22,16.593774
2020-02-13,68000496,61566,9.11,2.55085
2020-02-13,68000496,61183,9.11,23.53837
2020-02-13,68000496,61233,14.62,18.503394
2020-02-13,68000496,61670,5.62,8.721664
2020-02-13,68000496,61580,5.62,28.929824
2020-02-13,68000496,61276,5.62,15.01416
2020-02-13,68000496,61293,7.18,15.074792
2020-02-13,68000496,61046,7.18,5.422732
2020-02-13,68000496,61440,9.59,2.888925
2020-02-17,68000496,61610,7.65,12.633579
2020-02-17,68000496,61115,7.65,24.017732
2020-02-17,68000496,61541,7.65,5.814187
2020-02-17,68000496,61566,9.11,63.86169
2020-02-17,68000496,61014,9.11,42.37607
2020-02-17,68000496,61031,14.62,78.010296
2020-02-17,68000496,61233,14.62,6.194097
2020-02-05,68000496,61566,9.11,10.23944
2020-02-05,68000496,61183,9.11,20.48517
2020-02-05,68000496,61031,14.62,7.023744
2020-02-05,68000496,61640,7.18,18.409432
2020-02-05,68000496,61045,7.18,14.790384
2020-02-05,68000496,61047,9.59,4.66362
2020-01-09,68000496,61561,12.78,15.81265
2020-02-13,68000496,61566,9.11,2.5806
2020-02-13,68000496,61183,9.11,17.38403
2020-02-13,68000496,61016,9.11,22.33307
2020-02-13,68000496,61233,14.62,31.103436
2020-02-13,68000496,61580,5.62,16.763488
2020-02-13,68000496,61293,7.18,2.023414
2020-02-13,68000496,61046,7.18,61.064938
2020-02-13,68000496,61046,7.18,5.422732
2020-01-23,68000496,61561,12.78,7.994525
2020-02-17,68000496,61492,7.65,9.334119
2020-02-17,68000496,61566,9.11,56.4298
2020-02-17,68000496,61014,9.11,37.57442
2020-02-17,68000496,61016,9.11,41.08543
2020-02-17,68000496,61031,14.62,37.634961
2020-02-17,68000496,61233,14.62,18.557994
2020-02-17,68000496,61047,9.59,2.33181
2020-02-05,68000496,61031,14.62,17.155866
2020-02-05,68000496,61640,7.18,11.380992
2020-02-05,68000496,61045,7.18,7.45549
2020-02-05,68000496,61566,9.11,2.54575
2020-02-05,68000496,61293,7.18,3.491736
2020-02-05,68000496,61640,7.18,13.76196
2020-02-12,68000496,61041,14.62,16.08516
2020-02-12,68000496,61440,9.59,57.7785
2020-02-13,68000496,61891,5.22,
2020-02-13,68000496,61862,5.22,22.019958
2020-02-13,68000496,61940,5.22,5.424258
2020-02-13,68000496,61610,7.65,2.516505
2020-02-13,68000496,61183,9.11,35.39451
2020-02-13,68000496,61293,7.18,4.229474
2020-02-13,68000496,61640,7.18,31.828
2020-02-13,68000496,61045,7.18,2.4674
2020-02-13,68000496,61055,19.54,13.298103
2020-02-12,68000496,61041,14.62,38.294529
2020-02-12,68000496,61041,14.62,38.621583
2020-02-12,68000496,61233,14.62,9.256611
2020-02-12,68000496,61041,14.62,25.928994
2020-02-12,68000496,61440,9.59,11.5557
2020-02-12,68000496,61440,9.59,40.44495
2020-02-27,68000496,61580,5.62,6.8264
2020-02-27,68000496,61276,5.62,2.479568
2020-02-27,68000496,61047,9.59,101.56419
2020-02-27,68000496,61055,19.54,32.368245
2020-02-20,68000496,61610,7.65,7.556373
2020-02-20,68000496,61115,7.65,2.669667
2020-02-20,68000496,61031,14.62,80.748213
2020-02-20,68000496,61047,9.59,88.052055
2020-02-20,68000496,61563,19.54,6.164886
2020-02-20,68000496,61610,7.65,2.530983
2020-02-20,68000496,61492,7.65,6.265291
2020-02-20,68000496,61031,14.62,76.476309
2020-02-20,68000496,61047,9.59,81.31812
2020-02-20,68000496,61053,12.78,9.62325
2020-02-20,68000496,61375,19.54,5.598684
2020-02-27,68000496,61941,5.22,15.211869
2020-02-27,68000496,61046,7.18,2.70903
2020-02-27,68000496,61047,9.59,87.65913
2020-02-27,68000496,61055,19.54,43.364685
2020-06-29,68000496,61047,9.59,2.268045
2020-02-18,68000495,61500,8.7,2.656822
2020-01-30,68000495,61502,13.6,18.508218
2020-01-30,68000495,61313,7.91,2.138402
2020-01-30,68000495,61500,8.7,49.441168
2020-01-30,68000495,61502,13.6,15.745714
2020-01-30,68000495,61313,7.91,17.25598
2020-01-30,68000495,61500,8.7,38.939299
2020-01-30,68000495,61502,13.6,2.673604
2020-02-06,68000495,61500,8.7,2.602887
2020-02-06,68000495,61505,9.59,37.42674
2020-01-23,68000494,61016,9.11,16.13878
2020-01-23,68000494,61640,7.18,7.11604
2020-01-23,68000494,61046,7.18,22.520646
2020-02-05,68000494,61610,7.65,2.544191
2020-02-05,68000494,61014,9.11,57.05591
2020-02-05,68000494,61183,9.11,20.79797
2020-02-05,68000494,61016,9.11,12.48242
2020-02-05,68000494,61492,7.65,6.28269
2020-02-05,68000494,61016,9.11,18.73808
2020-02-17,68000494,61940,5.22,2.796766
2020-02-17,68000494,61115,7.65,5.338064
2020-02-05,68000494,61610,7.65,10.154285
2020-02-05,68000494,61492,7.65,18.884265
2020-02-05,68000494,61183,9.11,26.76582
2020-02-05,68000494,61016,0,3.15775
2020-02-05,68000494,61344,9.59,5.27436
2020-02-12,68000494,61566,9.11,18.48427
2020-02-12,68000494,61016,9.11,3.26043
2020-02-12,68000494,61640,7.18,9.414956
2020-02-12,68000494,61046,7.18,2.801448
2020-02-12,68000494,61344,9.59,2.60988
2020-02-12,68000494,61566,9.11,35.80387
2020-02-12,68000494,61016,9.11,13.65015
2020-02-12,68000494,61016,9.11,21.86489
2020-02-12,68000494,61566,9.11,18.08239
2020-02-12,68000494,61940,5.22,2.743694
2020-02-12,68000494,61566,9.11,36.46483
2020-01-29,68000494,61016,9.11,12.85115
2020-01-29,68000494,61046,7.18,5.209572
2020-01-29,68000494,61440,9.59,19.94109
2020-02-12,68000494,61940,5.22,19.455489
2020-02-12,68000494,61566,9.11,39.39274
2020-02-27,68000494,61640,7.18,2.387392
2020-02-12,68000493,61225,14.62,24.888318
2020-02-12,68000493,61233,14.62,12.129663
2020-02-12,68000493,61041,14.62,58.655415
2020-02-12,68000493,61045,7.18,17.569786
2020-02-12,68000493,61440,9.59,60.092565
2020-02-05,68000493,61566,9.11,7.91112
2020-02-05,68000493,61014,9.11,2.76794
2020-02-05,68000493,61183,9.11,3.03671
2020-02-05,68000493,61031,14.62,2.639637
2020-01-29,68000493,61183,9.11,3.04453
2020-01-29,68000493,61047,9.59,11.499345
2020-01-29,68000493,61341,9.59,7.28013
2020-01-29,68000493,61344,9.59,8.01021
2020-01-29,68000493,61440,9.59,89.281335
2020-02-13,68000493,61031,14.62,2.679768
2020-02-13,68000493,61293,7.18,8.97754
2020-02-13,68000493,61640,7.18,9.335678
2020-01-23,68000493,61045,7.18,2.576316
2020-01-23,68000493,61561,12.78,20.8999
2020-01-23,68000493,61016,9.11,3.23323
2020-01-23,68000493,61564,19.54,16.471455
2020-02-17,68000493,61293,7.18,11.023876
2020-02-17,68000493,61640,7.18,6.906676
2020-02-05,68000493,61183,9.11,18.28486
2020-02-05,68000493,61341,9.59,16.81446
2020-02-05,68000493,61344,9.59,2.631915
2020-02-05,68000493,61016,9.11,22.74328
2020-02-12,68000493,61031,14.62,18.636345
2020-02-12,68000493,61233,14.62,30.415476
2020-02-12,68000493,61041,14.62,39.410826
2020-02-12,68000493,61045,7.18,7.727196
2020-02-13,68000493,61293,7.18,26.920356
2020-02-13,68000493,61640,7.18,9.348234
2020-02-13,68000493,61293,7.18,6.87441
2020-02-13,68000493,61640,7.18,4.553448
2020-02-13,68000493,61045,7.18,7.748804
2020-02-12,68000493,61566,9.11,15.83618
2020-02-12,68000493,61014,9.11,2.81792
2020-02-12,68000493,61016,9.11,9.75341
2020-02-12,68000493,61041,14.62,30.164589
2020-02-12,68000493,61047,9.59,16.170765
2020-02-12,68000493,61341,9.59,2.40708
2020-02-12,68000493,61440,9.59,19.991595
2020-02-12,68000493,61564,19.54,3.325959
2020-02-12,68000493,61566,9.11,10.42882
2020-02-12,68000493,61225,14.62,19.347237
2020-02-12,68000493,61041,14.62,19.800144
2020-02-12,68000493,61047,9.59,18.24771
2020-02-12,68000493,61440,9.59,40.36773
2020-02-12,68000493,61139,12.78,14.073675
2020-01-23,68000493,61566,9.11,2.61596
2020-01-23,68000493,61016,9.11,51.7106
2020-01-23,68000493,61045,7.18,13.061452
2020-01-23,68000493,61047,9.59,2.285595
2020-01-23,68000493,61564,19.54,88.685415
2020-01-23,68000493,61561,12.78,2.5494
2020-02-12,68000493,61014,9.11,13.98148
2020-02-12,68000493,61031,14.62,34.379709
2020-02-12,68000493,61225,14.62,5.534256
2020-02-12,68000493,61233,14.62,36.443862
2020-01-30,68000492,61500,8.7,47.122124
2020-01-30,68000492,61502,13.6,18.542508
2020-01-30,68000492,61505,9.59,13.463385
2020-01-30,68000492,61500,8.7,52.495016
2020-01-30,68000492,61313,7.91,4.525388
2020-01-30,68000492,61313,7.91,15.818894
2020-01-30,68000492,61505,9.59,27.15921
2020-01-30,68000492,61502,13.6,18.480278
2020-01-30,68000491,61508,9.48,14.148689
2020-01-30,68000491,61136,9.48,4.974844
2020-01-30,68000491,61508,9.48,7.086092
2020-01-30,68000491,61136,9.48,2.563876
2020-01-30,68000491,61139,12.78,24.66555
2020-01-30,68000491,61136,9.48,5.078476
2020-01-30,68000491,61509,12.78,13.830425
2020-01-30,68000491,61136,9.48,5.051298
2020-01-30,68000491,61509,12.78,4.6046
2020-01-30,68000491,61140,12.78,16.015125
2020-01-30,68000491,61350,12.78,22.487325
2020-02-06,68000491,61136,9.48,2.563876
2020-01-09,68000490,61046,7.18,5.334402
2020-01-09,68000490,61047,9.59,2.33571
2020-02-05,68000490,61566,9.11,20.35376
2020-02-05,68000490,61046,7.18,2.773708
2020-02-12,68000490,61183,9.11,20.70906
2020-01-23,68000490,61046,7.18,5.191176
2020-01-23,68000490,61047,9.59,6.95019
2020-01-23,68000490,61055,19.54,13.187538
2020-02-13,68000490,61610,7.65,14.903577
2020-02-13,68000490,61031,14.62,22.163505
2020-02-13,68000490,61225,14.62,26.075049
2020-02-13,68000490,61041,14.62,9.900072
2020-02-13,68000490,61610,7.65,2.547747
2020-02-13,68000490,61183,9.11,17.68051
2020-02-13,68000490,61225,14.62,14.435421
2020-02-13,68000490,61233,14.62,3.132402
2020-02-13,68000490,61041,14.62,16.256058
2020-02-12,68000490,61016,9.11,15.93682
2020-02-12,68000490,61046,7.18,2.560694
2020-01-17,68000490,61580,5.62,13.794816
2020-01-17,68000490,61276,5.62,4.855648
2020-01-17,68000490,61640,7.18,21.042688
2020-01-17,68000490,61045,7.18,37.053486
2020-01-17,68000490,61276,5.62,27.728624
2020-01-17,68000490,61293,7.18,42.324378
2020-01-17,68000490,61640,7.18,4.668934
2020-01-24,68000490,61940,5.22,14.498179
2020-01-24,68000490,61941,5.22,18.234191
2020-01-24,68000490,61283,5.62,19.128592
2020-01-24,68000490,61045,7.18,5.154822
2020-01-24,68000490,61047,9.59,74.5797
2020-01-24,68000490,61051,12.78,18.163775
2020-01-24,68000490,61055,19.54,18.472818
2020-01-24,68000490,61940,5.22,11.571194
2020-01-24,68000490,61940,5.22,5.30399
2020-01-24,68000490,61941,5.22,31.350786
2020-01-24,68000490,61283,5.62,8.19336
2020-01-24,68000490,61046,7.18,2.704796
2020-01-24,68000490,61047,9.59,128.45313
2020-01-24,68000490,61440,9.59,16.847025
2020-01-24,68000490,61053,12.78,9.82065
2020-01-24,68000490,61053,12.78,9.7699
2020-02-05,68000490,61566,9.11,38.48579
2020-02-05,68000490,61016,9.11,28.87178
2020-01-24,68000490,61941,5.22,6.363076
2020-01-24,68000490,61283,5.62,8.09816
2020-01-24,68000490,61045,7.18,2.571936
2020-01-24,68000490,61046,7.18,26.95525
2020-01-24,68000490,61046,7.18,2.416592
2020-01-24,68000490,61047,9.59,62.17224
2020-01-24,68000490,61139,12.78,16.536625
2020-01-24,68000490,61055,19.54,18.700227
2020-01-24,68000490,61055,19.54,18.552807
2020-01-17,68000490,61670,5.62,19.799584
2020-01-17,68000490,61580,5.62,13.92104
2020-01-29,68000490,61293,7.18,4.430808
2020-01-29,68000490,61047,9.59,2.294175
2020-02-17,68000490,61610,7.65,5.046853
2020-02-17,68000490,61014,9.11,2.71133
2020-02-17,68000490,61233,14.62,9.248967
2020-02-17,68000490,61492,7.65,8.900287
2020-02-17,68000490,61014,9.11,2.69994
2020-02-12,68000490,61183,9.11,8.84731
2020-02-12,68000490,61031,14.62,10.934742
2020-02-13,68000490,61031,14.62,38.791662
2020-02-13,68000490,61225,14.62,17.270526
2020-02-12,68000490,61183,9.11,20.44828
2020-01-17,68000490,61862,5.22,57.463922
2020-01-17,68000490,61940,5.22,17.595829
2020-01-17,68000490,61891,5.22,
2020-01-17,68000490,61862,5.22,23.2725
2020-01-17,68000490,61862,5.22,44.009635
2020-01-17,68000490,61940,5.22,33.874488
2020-01-17,68000490,61045,7.18,5.008822
2020-01-17,68000490,61047,9.59,4.525365
2020-02-06,68000490,61566,9.11,66.73129
2020-02-06,68000490,61183,9.11,8.6071
2020-02-06,68000490,61293,7.18,2.232194
2020-02-28,68000490,61940,5.22,2.928055
2020-01-17,68000489,61980,530.3,43.196
2020-01-17,68000489,60811,530.3,121.894
2020-01-17,68000489,60136,530.3,70.797
2020-01-17,68000489,60133,530.3,49.107
2020-01-17,68000489,60720,530.3,50.078
2020-01-17,68000489,60205,530.3,49.069
2020-02-20,68000489,60811,535.6,5.809
2020-02-20,68000489,60136,535.6,2.74
2020-02-20,68000489,61080,602.39,102.848
2020-02-20,68000489,60232,602.39,48.248
2020-02-20,68000489,60051,602.39,151.46
2020-01-23,68000488,61092,5.56,38.517584
2020-01-23,68000488,61093,5.56,46.045104
2020-01-23,68000488,61094,7.84,202.824902
2020-01-23,68000488,61095,7.84,167.734147
2020-01-23,68000488,60796,8.57,10.155075
2020-01-23,68000488,61097,8.57,2.71355
2020-01-23,68000488,61099,11.41,104.013728
2020-01-23,68000488,61101,11.41,52.103625
2020-01-23,68000488,61102,19.35,26.146575
2020-01-23,68000488,60230,19.35,15.307929
2020-01-23,68000488,61930,5.16,32.037084
2020-01-23,68000488,61931,5.16,78.82155
2020-01-23,68000488,61084,8.62,141.863057
2020-01-23,68000488,61085,10.87,75.48264
2020-01-23,68000488,62020,10.87,123.87658
2020-01-23,68000488,61089,14.48,278.583396
2020-01-23,68000488,61090,14.48,142.353393
2020-02-06,68000488,61083,8.62,251.248711
2020-02-06,68000488,61084,8.62,107.848909
2020-01-09,68000488,61092,5.56,179.099872
2020-01-09,68000488,61093,5.56,176.405712
2020-01-09,68000488,61095,7.84,2.448166
2020-01-09,68000488,60796,8.57,10.164875
2020-01-09,68000488,61097,8.57,8.171975
2020-01-09,68000488,61930,5.16,75.52595
2020-02-12,68000488,61083,8.62,290.479581
2020-02-12,68000488,61084,8.62,167.114136
2020-01-09,68000488,61092,5.56,78.903328
2020-01-09,68000488,61093,5.56,70.955808
2020-01-09,68000488,61095,7.84,2.535106
2020-01-09,68000488,61085,10.87,151.820745
2020-01-09,68000488,62020,10.87,86.84169
2020-02-21,68000488,61931,5.16,2.922598
2020-01-09,68000487,61085,10.87,17.325985
2020-01-23,68000487,61092,5.56,220.91216
2020-01-23,68000487,61094,7.84,124.654733
2020-01-23,68000487,61102,19.35,25.941006
2020-01-23,68000487,61085,10.87,5.774235
2020-01-23,68000487,61085,10.87,175.234615
2020-02-12,68000487,61083,8.62,146.379429
2020-02-20,68000486,61122,8.7,27.627278
2020-01-30,68000486,62052,5.22,16.635718
2020-01-30,68000486,61122,8.7,19.315814
2020-01-30,68000486,61130,8.7,3.20712
2020-01-24,68000486,62052,5.22,22.656608
2020-01-24,68000486,61914,5.22,40.121897
2020-01-24,68000486,60463,13.6,16.329152
2020-01-24,68000486,61216,13.6,11.175492
2020-01-24,68000486,61417,18.05,2.686564
2020-01-24,68000486,61264,18.05,6.190353
2020-02-18,68000486,61122,8.7,5.528579
2020-01-30,68000486,61130,8.7,19.439945
2020-01-30,68000486,61130,8.7,57.948086
2020-01-24,68000486,61912,5.22,2.399154
2020-01-24,68000486,62052,5.22,60.99428
2020-01-24,68000486,61914,5.22,51.588659
2020-01-24,68000486,61216,13.6,20.595336
2020-01-24,68000486,61417,18.05,2.707121
2020-01-24,68000486,61912,5.22,2.418628
2020-01-24,68000486,61913,5.22,20.657955
2020-01-24,68000486,62052,5.22,18.756351
2020-01-24,68000486,61500,8.7,59.511879
2020-01-24,68000486,61001,8.7,34.074201
2020-01-24,68000486,61512,13.6,25.517094
2020-01-24,68000486,61912,5.22,16.505071
2020-01-24,68000486,61913,5.22,33.421985
2020-01-24,68000486,61500,8.7,72.969225
2020-01-24,68000486,61001,8.7,31.094091
2020-01-24,68000486,61512,13.6,5.68706
2020-01-24,68000486,61912,5.22,11.800495
2020-01-24,68000486,61500,8.7,52.235162
2020-01-24,68000486,61001,8.7,76.280512
2020-01-24,68000486,61512,13.6,11.36269
2020-01-24,68000486,61417,18.05,8.124396
2020-01-24,68000486,61912,5.22,2.329711
2020-01-24,68000486,61500,8.7,18.270763
2020-01-24,68000486,61001,8.7,95.296866
2020-01-24,68000486,61512,13.6,22.678898
2020-01-24,68000486,62052,5.22,35.980248
2020-01-24,68000486,61914,5.22,2.845451
2020-01-24,68000486,60463,13.6,5.17652
2020-01-24,68000486,61216,13.6,31.285942
2020-01-24,68000486,61417,18.05,2.726667
2020-01-17,68000486,61912,5.22,23.568248
2020-01-17,68000486,61913,5.22,30.591514
2020-01-17,68000486,61502,13.6,5.310886
2020-01-17,68000486,61912,5.22,70.923773
2020-01-17,68000486,61913,5.22,5.076294
2020-01-17,68000486,61502,13.6,18.59534
2020-01-17,68000486,61512,13.6,2.847594
2020-01-17,68000486,61912,5.22,71.287894
2020-01-17,68000486,61913,5.22,35.606711
2020-01-17,68000486,61512,13.6,28.395676
2020-01-17,68000486,61417,18.05,5.428059
2020-01-17,68000486,61912,5.22,18.766088
2020-01-17,68000486,61913,5.22,20.41132
2020-02-06,68000486,61122,8.7,13.757772
2020-02-06,68000486,61130,8.7,6.444669
2020-02-06,68000486,61122,8.7,69.206172
2020-02-06,68000486,61130,8.7,32.147192
2020-02-06,68000486,61122,8.7,66.46724
2020-02-06,68000486,61130,8.7,35.533344
2020-02-18,68000486,61122,8.7,11.02689
2020-02-18,68000486,61122,8.7,11.035101
2020-02-18,68000486,61130,8.7,6.430662
2020-01-24,68000486,62052,5.22,13.342258
2020-01-24,68000486,61914,5.22,48.72673
2020-01-24,68000486,61500,8.7,2.575517
2020-01-24,68000486,61512,13.6,2.84099
2020-01-24,68000486,60463,13.6,18.823178
2020-01-24,68000486,61216,13.6,57.497218
2020-01-24,68000486,61264,18.05,15.469985
2020-01-24,68000486,61912,5.22,7.176169
2020-01-24,68000486,61913,5.22,7.750652
2020-01-24,68000486,62052,5.22,19.213455
2020-01-24,68000486,61914,5.22,31.452329
2020-01-24,68000486,61500,8.7,20.667892
2020-01-24,68000486,61512,13.6,5.682234
2020-01-24,68000486,60463,13.6,13.960094
2020-01-24,68000486,61216,13.6,34.232596
2020-01-24,68000486,61912,5.22,9.450026
2020-01-24,68000486,61913,5.22,25.532982
2020-01-24,68000486,62052,5.22,19.77895
2020-01-24,68000486,61500,8.7,20.660808
2020-01-24,68000486,61512,13.6,22.781006
2020-01-17,68000486,61912,5.22,72.924673
2020-01-17,68000486,61913,5.22,22.903885
2020-01-17,68000486,61502,13.6,13.257022
2020-01-17,68000486,61512,13.6,31.323534
2020-01-30,68000486,61130,8.7,38.591378
2020-01-17,68000486,61912,5.22,66.313999
2020-01-17,68000486,61913,5.22,20.587442
2020-01-17,68000486,61502,13.6,31.86557
2020-01-17,68000486,61912,5.22,81.102683
2020-01-17,68000486,61913,5.22,17.857551
2020-01-17,68000486,61502,13.6,29.1846
2020-01-17,68000486,61512,13.6,2.84607
2020-01-17,68000486,61417,18.05,8.169891
2020-01-17,68000486,61912,5.22,99.395189
2020-01-17,68000486,61913,5.22,38.52321
2020-01-17,68000486,61502,13.6,29.226764
2020-01-17,68000486,61512,13.6,5.636768
2020-01-17,68000486,61417,18.05,5.452997
2020-02-27,68000486,61122,8.7,11.07841
2020-03-10,68000486,61264,18.05,6.207203
2020-02-27,68000486,61122,8.7,8.27057
2020-01-03,68000485,61313,7.91,8.591282
2020-01-03,68000485,61313,7.91,19.271217
2020-01-03,68000485,61313,7.91,19.35381
2020-01-24,68000485,61341,9.59,4.88943
2020-01-17,68000485,61507,9.59,19.56942
2020-01-17,68000485,61505,9.59,19.48089
2020-01-17,68000485,61341,9.59,12.362805
2020-01-17,68000485,61507,9.59,8.48523
2020-01-17,68000485,62051,9.59,5.2104
2020-01-17,68000485,61507,9.59,33.76971
2020-01-17,68000485,61341,9.59,19.801275
2020-01-30,68000485,62050,7.91,2.453318
2020-01-10,68000483,61505,9.59,40.070355
2020-01-10,68000483,61505,9.59,19.9368
2020-01-24,68000483,61505,9.59,2.31114
2020-01-24,68000483,61341,9.59,4.87344
2020-01-24,68000483,61341,9.59,4.778085
2020-01-17,68000483,61505,9.59,13.35516
2020-01-17,68000483,61341,9.59,7.19745
2020-01-10,68000483,61505,9.59,4.430595
2020-01-10,68000483,61341,9.59,2.378025
2020-01-10,68000483,62051,9.59,12.80331
2020-01-30,68000483,62051,9.59,7.683195
2020-01-30,68000483,61341,9.59,2.415075
2020-01-10,68000483,62051,9.59,20.36697
2020-01-10,68000482,61912,5.22,2.297718
2020-01-10,68000482,62052,5.22,87.071571
2020-01-10,68000482,61914,5.22,28.625389
2020-01-10,68000482,61502,13.6,21.449792
2020-01-10,68000482,61263,18.05,8.720212
2020-01-03,68000482,61001,8.7,52.134376
2020-01-03,68000482,61502,13.6,24.40305
2020-01-03,68000482,61512,13.6,2.890012
2020-01-03,68000482,61216,13.6,9.927844
2020-01-03,68000482,61514,18.05,35.103605
2020-01-10,68000482,61912,5.22,2.302105
2020-01-10,68000482,62052,5.22,126.69121
2020-01-10,68000482,61914,5.22,2.828331
2020-01-10,68000482,61263,18.05,14.52133
2020-01-13,68000482,61912,5.22,62.392556
2020-01-13,68000482,61913,5.22,19.840903
2020-01-13,68000482,61502,13.6,21.494496
2020-01-24,68000482,61913,5.22,5.037239
2020-01-24,68000482,61502,13.6,2.638806
2020-01-17,68000482,61502,13.6,2.782824
2020-01-17,68000482,61512,13.6,2.932684
2020-01-17,68000482,60463,13.6,59.693302
2020-01-17,68000482,61512,13.6,20.683474
2020-01-17,68000482,60463,13.6,22.02561
2020-01-10,68000482,61912,5.22,59.312989
2020-01-10,68000482,61913,5.22,62.213652
2020-01-10,68000482,62052,5.22,21.281658
2020-01-10,68000482,61912,5.22,39.200199
2020-01-10,68000482,61913,5.22,56.931062
2020-01-10,68000482,62052,5.22,18.409136
2020-01-10,68000482,61502,13.6,21.591524
2020-01-10,68000482,61514,18.05,5.00445
2020-01-10,68000482,61263,18.05,2.909995
2020-01-03,68000482,61122,8.7,39.18579
2020-01-03,68000482,61130,8.7,62.419056
2020-01-03,68000482,61001,8.7,75.224996
2020-01-03,68000482,61122,8.7,55.542746
2020-01-03,68000482,61130,8.7,2.995244
2020-01-03,68000482,61502,13.6,8.13181
2020-01-03,68000482,61514,18.05,20.085874
2020-01-10,68000482,61912,5.22,23.25324
2020-01-10,68000482,62052,5.22,84.658079
2020-01-10,68000482,61914,5.22,28.410533
2020-01-10,68000482,61263,18.05,8.711113
2020-01-17,68000482,61502,13.6,18.419064
2020-01-17,68000482,61512,13.6,2.807462
2020-01-17,68000482,62052,5.22,2.6215
2020-01-17,68000482,61914,5.22,2.826726
2020-01-17,68000482,60463,13.6,28.772866
2020-01-17,68000482,61216,13.6,10.178796
2020-01-17,68000482,61502,13.6,35.2679
2020-01-17,68000482,61512,13.6,8.678164
2020-01-03,68000482,61001,8.7,5.205291
2020-01-03,68000482,61122,8.7,27.64048
2020-01-03,68000482,61130,8.7,5.961025
2020-01-03,68000482,61502,13.6,10.821924
2020-01-03,68000482,61512,13.6,5.83311
2020-01-03,68000482,60463,13.6,6.226048
2020-01-03,68000482,61514,18.05,20.088233
2020-01-24,68000481,61136,9.48,10.361168
2020-01-24,68000481,61509,12.78,2.536275
2020-01-24,68000481,61136,9.48,2.563114
2020-01-17,68000481,61136,9.48,18.05686
2020-01-03,68000481,61508,9.48,16.781018
2020-01-03,68000481,61509,12.78,7.59325
2020-01-03,68000481,61139,12.78,2.481325
2020-01-03,68000481,61140,12.78,11.71135
2020-01-17,68000481,61345,9.48,16.593312
2020-01-17,68000481,61140,12.78,2.92565
2020-01-03,68000481,61509,12.78,7.64365
2020-01-03,68000481,61139,12.78,13.633025
2020-01-03,68000481,61140,12.78,5.85585
2020-01-03,68000481,61350,12.78,12.40855
2020-02-12,68000480,61046,7.18,2.571206
2020-02-13,68000480,61566,9.11,2.6707
2020-02-18,68000480,61115,7.65,10.28192
2020-02-18,68000480,61541,7.65,8.466836
2020-02-05,68000480,61046,7.18,2.790936
2020-01-29,68000480,61047,9.59,9.218625
2020-01-23,68000480,61492,7.65,21.016595
2020-01-23,68000480,61016,9.11,13.27224
2020-01-23,68000480,61041,14.62,3.352167
2020-01-23,68000480,61041,14.62,19.864845
2020-01-23,68000480,61440,9.59,11.34744
2020-01-09,68000480,61031,14.62,39.920244
2020-01-09,68000480,61233,14.62,14.09772
2020-01-09,68000480,61041,14.62,30.461886
2020-01-09,68000480,61047,9.59,18.280275
2020-01-09,68000480,61344,9.59,2.641275
2020-01-09,68000480,61440,9.59,14.322555
2020-02-05,68000480,61225,14.62,2.561832
2020-02-05,68000480,61293,7.18,4.31138
2020-02-05,68000480,61047,9.59,2.277015
2020-02-05,68000480,61344,9.59,2.676375
2020-01-17,68000480,61610,7.65,4.976876
2020-01-17,68000480,61115,7.65,2.592578
2020-01-17,68000480,61541,7.65,5.633085
2020-01-17,68000480,61183,9.11,5.86772
2020-01-17,68000480,61031,14.62,53.525199
2020-01-17,68000480,61225,14.62,21.090342
2020-01-17,68000480,61233,14.62,18.140577
2020-01-17,68000480,61047,9.59,29.734185
2020-01-09,68000480,61031,14.62,74.502519
2020-01-09,68000480,61225,14.62,5.696964
2020-01-09,68000480,61041,14.62,13.358709
2020-01-09,68000480,61276,5.62,2.564576
2020-01-09,68000480,61293,7.18,12.360068
2020-01-09,68000480,61640,7.18,2.267818
2020-01-09,68000480,61045,7.18,9.704328
2020-01-09,68000480,61047,9.59,4.556955
2020-01-09,68000480,61055,19.54,10.640175
2020-01-23,68000480,61047,9.59,4.580355
2020-01-09,68000480,61031,14.62,58.738953
2020-01-09,68000480,61041,14.62,17.057313
2020-01-09,68000480,61293,7.18,8.983818
2020-01-09,68000480,61045,7.18,9.554532
2020-01-09,68000480,61047,9.59,27.620775
2020-01-09,68000480,61341,9.59,2.43672
2020-01-09,68000480,61440,9.59,2.799225
2020-01-09,68000480,61991,19.54,1.092
2020-01-09,68000480,61031,14.62,69.555486
2020-01-09,68000480,61225,14.62,10.758111
2020-01-09,68000480,61233,14.62,15.295371
2020-01-17,68000480,61041,14.62,6.675123
2020-01-17,68000480,61047,9.59,31.97961
2020-01-17,68000480,61041,14.62,19.893783
2020-01-17,68000480,61047,9.59,34.291335
2020-05-26,68000480,61670,5.62,2.210096
2020-05-26,68000480,61276,5.62,2.496928
2020-02-12,68000479,61440,9.59,2.81502
2020-01-09,68000479,61041,14.62,23.572185
2020-01-09,68000479,61440,9.59,14.13048
2020-01-09,68000479,61225,14.62,22.851192
2020-01-09,68000479,61233,14.62,6.298383
2020-01-09,68000479,61041,14.62,20.122011
2020-01-09,68000479,61341,9.59,14.611935
2020-01-09,68000479,61566,9.11,8.02247
2020-01-09,68000479,61014,9.11,11.18702
2020-01-09,68000479,61233,14.62,12.542985
2020-01-09,68000479,61341,9.59,2.39928
2020-01-09,68000479,61440,9.59,39.486525
2020-01-17,68000479,61440,9.59,8.476455
2020-01-09,68000478,61083,8.62,3.012149
2020-01-09,68000478,61085,10.87,296.597485
2020-01-09,68000478,62020,10.87,205.702945
2020-01-09,68000478,61089,14.48,453.206481
2020-01-23,68000478,61083,8.62,3.057229
2020-01-23,68000478,62020,10.87,78.12427
2020-01-23,68000478,61089,14.48,76.77852
2020-01-23,68000478,61090,14.48,122.792124
2020-01-23,68000478,61092,5.56,2.39008
2020-01-23,68000478,61094,7.91,2.385537
2020-01-23,68000478,61096,8.65,2.561125
2020-01-09,68000476,61225,14.62,11.448255
2020-01-09,68000476,61041,14.62,6.679218
2020-01-17,68000476,61225,14.62,5.747469
2020-01-24,68000475,37811,530.3,143.278
2020-01-24,68000475,60133,530.3,123.614
2020-01-24,68000475,60205,530.3,126.809
2020-01-24,68000475,18193,530.3,13.172
2020-01-24,68000475,61661,530.3,22.613
2020-01-24,68000475,53265,530.3,14.413
2020-01-24,68000475,60136,530.3,24.816
2020-01-24,68000475,60811,530.3,148.058
2020-01-30,68000474,61316,7.91,2.381512
2020-01-03,68000474,61316,7.91,4.738713
2020-01-03,68000474,61505,9.59,4.504695
2020-01-10,68000473,61514,18.05,19.868846
2020-01-10,68000473,61514,18.05,19.870531
2020-01-24,68000473,61216,13.6,19.421094
2020-01-24,68000473,61216,13.6,19.51228
2020-01-24,68000473,61216,13.6,38.966902
2020-01-24,68000473,61216,13.6,58.536078
2020-01-24,68000473,61216,13.6,39.044626
2020-01-17,68000473,61216,13.6,39.168324
2020-01-17,68000471,61183,9.11,16.11668
2020-01-17,68000471,61031,14.62,100.962771
2020-01-17,68000471,61225,14.62,5.186181
2020-01-17,68000471,61115,7.65,13.021691
2020-01-17,68000471,61031,14.62,19.999161
2020-01-17,68000471,61233,14.62,40.245933
2020-01-17,68000471,61041,14.62,18.445518
2020-01-17,68000471,61492,7.65,6.083554
2020-01-17,68000471,61183,9.11,6.48125
2020-01-17,68000471,61031,14.62,40.360593
2020-01-17,68000471,61233,14.62,14.557452
2020-01-17,68000471,61041,14.62,12.516777
2020-01-17,68000471,61031,14.62,2.488668
2020-01-17,68000471,61041,14.62,30.607941
2020-01-17,68000471,61640,7.18,2.257306
2020-02-05,68000471,61276,5.62,2.461984
2020-02-05,68000471,61293,7.18,2.190584
2020-01-09,68000471,61041,14.62,36.101247
2020-01-09,68000471,61041,14.62,24.235302
2020-01-17,68000471,61183,9.11,16.24826
2020-01-17,68000471,61031,14.62,112.214193
2020-01-17,68000471,61225,14.62,30.938544
2020-01-17,68000468,61940,5.22,2.915643
2020-01-17,68000468,61183,9.11,2.90258
2020-02-12,68000467,61084,8.62,6.32247
2020-05-21,67010259,2624520,166,1
2020-06-02,67010256,5826480,182.9,6
2020-05-28,67010255,2618444,55.81,4
2020-04-17,67010254,2427000,0.53,10000
2020-04-17,67010254,2427000,0.5,21000
2020-04-21,67010254,2427000,0.53,25000
2020-04-17,67010254,2427000,0.53,27000
2020-04-17,67010254,2427000,0.53,25000
2020-04-24,67010254,2427000,0.53,35000
2020-04-20,67010254,2427000,0.53,120000
2020-04-29,67010253,3420701,74.72,2
2020-06-18,67010252,3428732,10.15,50
2020-04-09,67010251,2426990,7.88,120
2020-04-09,67010251,2426990,7.88,48
2020-04-09,67010251,2426990,7.88,48
2020-04-09,67010251,2426990,7.88,360
2020-04-09,67010251,2426990,7.88,24
2020-04-09,67010251,2426990,7.88,24
2020-05-28,67010248,2619194,1503,1
2020-04-29,67010247,4609643,868.06,2
2020-05-21,67010246,6800532,4846.2,1
2020-05-12,67010245,2800696,376.2,2
2020-04-07,67010244,7600037,1037.68,2
2020-04-02,67010242,2603028,110.7,5
2020-04-02,67010242,4616253,432.6,2
2020-04-17,67010241,2012750,257.99,4
2020-04-13,67010240,6004672,56,12
2020-03-30,67010239,3600775,16.37,10
2020-04-17,67010238,5000256,575.78,2
2020-04-29,67010237,7003740,10.3,6
2020-04-06,67010236,8005842,1.2,30
2020-05-12,67010234,4602474,185,3
2020-04-07,67010233,3809970,108,2
2020-05-11,67010232,8019884,1387.6,1
2020-04-21,67010230,8069840,1653.84,1
2020-04-07,67010228,8038925,1423.63,1
2020-04-07,67010227,8024632,41.36,1
2020-04-07,67010226,3430774,4995,1
2020-04-07,67010225,2201882,39.15,8
2020-04-15,67010224,3624231,340,1
2020-06-10,67010223,3444271,3209.64,1
2020-04-16,67010222,3611481,2842.7,1
2020-04-25,67010221,1804541,103.8,10
2020-04-25,67010221,1804541,103.8,2
2020-03-26,67010220,7600051,362.95,2
2020-06-03,67010219,8004118,4272,1
2020-04-02,67010218,1400309,1750.99,1
2020-06-04,67010217,1804950,60,0.75
2020-04-17,67010216,3401474,3.92,100
2020-04-17,67010216,3428602,0.8,100
2020-03-30,67010215,8004538,373.49,1
2020-04-20,67010214,5801589,1099.5,1
2020-04-07,67010213,3200373,192,10
2020-03-26,67010211,8418860,400.7,2
2020-04-07,67010209,2012750,257.99,2
2020-05-29,67010208,3018520,3379,1
2020-04-29,67010207,2600353,118.28,2
2020-04-29,67010207,2602785,1034.8,2
2020-05-21,67010206,6803163,292.6,1
2020-05-21,67010206,6803164,292.6,1
2020-04-14,67010205,2602989,2050,1
2020-05-11,67010204,7003596,734.29,1
2020-05-11,67010204,7003597,734.29,2
2020-04-13,67010203,7009649,1625.45,1
2020-03-25,67010202,6402093,2489.27,1
2020-03-23,67010201,1401649,505,3
2020-03-26,67010200,1410860,1167.54,1
2020-04-07,67010199,2602079,143.56,3
2020-06-02,67010198,2821811,428.25,1
2020-03-26,67010194,3626390,297,2
2020-03-30,67010193,2821860,289.45,6
2020-04-02,67010192,1412880,1505,1
2020-03-20,67010191,2213870,154.82,6
2020-03-30,67010190,8052241,1234.64,2
2020-03-13,67010189,6601450,485,2
2020-03-13,67010188,6606211,95.4,11
2020-04-02,67010188,4619196,145.35,1
2020-04-02,67010188,4601480,41.8,3
2020-03-24,67010185,3600372,630,2
2020-03-11,67010184,2635050,69,4
2020-04-15,67010183,8024632,41.36,2
2020-04-15,67010183,8024632,41.36,5
2020-03-04,67010182,7012200,338.1,1
2020-03-26,67010181,5801914,16.18,20
2020-03-26,67010181,5801908,16.18,20
2020-03-26,67010181,5801912,16.18,20
2020-03-11,67010179,8204961,1.29,300
2020-03-04,67010178,8200096,0.36,100
2020-03-04,67010178,8200096,0.36,300
2020-06-16,67010176,6800457,909,5
2020-03-09,67010175,3805991,798,1
2020-04-02,67010174,3604259,705,1
2020-04-02,67010174,3604259,705,1
2020-03-09,67010173,7027732,822,1
2020-03-17,67010172,8204961,1.29,300
2020-03-12,67010171,4621210,49.4,48
2020-02-26,67010170,2627870,131,8
2020-03-04,67010169,8003397,240,2
2020-06-02,67010168,4423545,25.42,1
2020-04-07,67010167,3401474,3.92,118
2020-06-02,67010167,3401475,14.52,50
2020-06-02,67010167,3445727,10.15,16
2020-04-30,67010164,8001719,1480,4
2020-03-26,67010163,4619200,290,5
2020-03-26,67010163,2617060,78.65,4
2020-03-26,67010163,6401920,12062,4
2020-03-26,67010163,7819318,229.75,4
2020-03-09,67010162,3609130,328.57,1
2020-03-23,67010161,3607610,2494.5,1
2020-03-09,67010159,7031060,391,1
2020-03-09,67010159,7031061,391,1
2020-03-09,67010159,7031062,605,1
2020-03-09,67010159,7031063,605,1
2020-04-14,67010158,6810863,37,72
2020-04-14,67010158,6810864,39,44
2020-04-14,67010158,4647140,425,1
2020-04-14,67010158,6810683,555,10
2020-04-14,67010158,6813730,275,2
2020-04-14,67010158,3454900,2400,2
2020-03-30,67010157,4600929,62.45,50
2020-02-26,67010156,4604270,716.9,3
2020-02-10,67010155,8200187,2.9,500
2020-03-09,67010154,6617251,6498,1
2020-02-26,67010153,4636387,221.43,1
2020-02-26,67010153,4636388,687.78,1
2020-02-26,67010153,8027003,1452.72,1
2020-02-11,67010152,7833070,36.27,4
2020-02-26,67010150,8204963,1.75,300
2020-02-11,67010149,2203650,27,30
2020-03-30,67010148,8030762,1701.55,1
2020-03-30,67010148,8015024,405.53,1
2020-02-13,67010147,4623774,42.75,3
2020-02-13,67010147,4601480,41.8,9
2020-02-04,67010146,8052561,49.8,4
2020-05-08,67010144,8004537,2006.51,1
2020-05-08,67010144,8004537,2006.51,2
2020-05-08,67010144,7022330,30.9,4
2020-02-06,67010143,8060025,88.45,6
2020-03-03,67010142,8200100,0.51,100
2020-03-05,67010141,8200100,0.51,100
2020-03-05,67010141,8200187,2.9,500
2020-03-05,67010141,8200188,2.35,210
2020-03-05,67010141,8200198,2.6,80
2020-03-05,67010141,8202170,4.95,100
2020-03-05,67010141,8204582,3.97,100
2020-03-05,67010141,8204960,1.29,150
2020-03-05,67010141,8204965,1.94,200
2020-03-05,67010141,8204966,1.75,100
2020-03-05,67010141,8205007,2.2,100
2020-03-05,67010141,8205271,2.43,100
2020-03-05,67010141,8205274,2.43,100
2020-02-20,67010139,8063022,7.5,1
2020-02-20,67010139,8080890,2363.41,1
2020-02-20,67010139,8076151,537.3,2
2020-02-20,67010139,8057030,602.78,2
2020-01-30,67010138,3608062,89,1
2020-02-11,67010136,4416444,31.96,1
2020-03-04,67010135,3401474,3.92,140
2020-03-04,67010135,3428602,0.8,114
2020-03-04,67010135,3428732,10.15,21
2020-02-11,67010133,3613401,3336.64,1
2020-02-11,67010133,3613402,3336.64,1
2020-04-25,67010132,1400260,1200,2
2020-02-14,67010131,3608860,487,2
2020-02-11,67010130,2207880,89,5
2020-04-07,67010129,3405340,89.5,16
2020-01-30,67010128,3030971,425,1
2020-03-26,67010127,3810030,1396,1
2020-03-26,67010127,3635230,2533,1
2020-03-11,67010125,6606211,95.4,27
2020-02-05,67010124,5847761,730,1
2020-03-30,67010123,8003185,2034,1
2020-02-03,67010122,6811165,575,1
2020-02-03,67010121,7210010,23.03,1
2020-02-03,67010121,2636450,11.54,9
2020-01-20,67010120,4654830,41.8,10
2020-01-20,67010120,4654831,121.6,2
2020-01-27,67010118,3017700,298,1
2020-02-13,67010117,8004538,373.49,2
2020-02-13,67010117,8004538,373.49,2
2020-01-27,67010116,3630811,339,3
2020-01-28,67010115,4602092,295,1
2020-01-27,67010114,8005825,88.45,2
2020-01-27,67010114,8005825,88.45,2
2020-04-21,67010113,2202250,2302,1
2020-02-06,67010112,3209870,115,3
2020-02-06,67010112,3209871,133.5,3
2020-01-24,67010111,3405340,89.5,16
2020-03-04,67010110,3207760,175,2
2020-03-04,67010110,3207761,180,2
2020-03-04,67010110,3209130,375,1
2020-01-28,67010109,4602092,295,1
2020-02-10,67010108,6804331,1276,6
2020-02-26,67010107,4602427,1162.34,1
2020-06-04,67010106,2206980,5033,1
2020-02-10,67010105,6400626,6294.82,1
2020-01-09,67010103,3000293,743,2
2020-01-22,67010102,3611121,1187,1
2020-03-04,67010101,4419861,5.7,20
2020-02-05,67010100,3402031,955,5
2020-01-08,67010099,4651023,68.07,1
2020-01-30,67010098,7847070,749.06,2
2020-02-20,67010097,4605047,83.7,40
2020-02-21,67010096,5820671,4080.22,2
2020-02-04,67010095,4602891,107,27
2020-03-17,67010095,4602891,107,3
2020-04-07,67010093,3401475,14.52,89
2020-01-14,67010092,5000256,575.78,3
2020-01-14,67010092,5000256,575.78,1
2020-01-13,67010091,5000256,575.78,1
2020-01-10,67010090,8004539,1944.85,1
2020-01-17,67010088,2604950,3.16,6
2020-01-17,67010088,7806520,7.6,1
2020-01-17,67010088,8028943,433.66,1
2020-01-17,67010088,2604940,4.28,2
2020-02-10,67010087,2627570,43.15,1
2020-02-10,67010087,7832240,83.71,1
2020-02-10,67010087,8056762,886.3,1
2020-01-14,67010086,8004704,25.7,184.62
2020-02-21,67010085,6000171,213.62,48
2020-01-24,67010084,8062707,50,1
2020-02-14,67010083,2201039,45.99,3
2020-01-27,67010082,3607080,762.25,2
2020-01-08,67010080,6606211,95.4,19
2020-01-09,67010079,8033024,250.34,1
2020-02-04,67010077,2206030,1.72,300
2020-01-22,67010075,8203180,55.13,11
2020-03-03,67010074,8200100,0.51,600
2020-03-03,67010074,8200187,2.9,600
2020-03-03,67010074,8203900,12,300
2020-03-03,67010074,8204580,1.65,100
2020-03-03,67010074,8204581,3.97,100
2020-03-03,67010074,8204582,3.97,100
2020-03-03,67010074,8204952,6.1,110
2020-03-03,67010074,8204960,1.29,300
2020-03-03,67010074,8204966,1.75,100
2020-03-03,67010074,8205001,8.66,36
2020-03-03,67010074,8205265,1.98,100
2020-03-03,67010074,8205266,1.98,100
2020-03-03,67010074,8205274,2.43,100
2020-01-29,67010073,7022330,30.9,4
2020-01-10,67010072,3631780,107.5,1
2020-01-16,67010069,3210650,112.57,2
2020-01-15,67010067,2820890,9188,1
2020-01-13,67010065,2625630,348.1,6
2020-01-22,67010064,3618820,906.2,1
2020-01-22,67010063,8011109,314.3,2
2020-02-12,67010061,3638820,299.99,3
2020-01-24,67010056,8002795,1147.15,1
2020-03-09,67010054,4240512,260.48,10
2020-02-21,67010053,8055385,1609,1
2020-02-21,67010053,8055387,877,1
2020-02-21,67010053,7829241,39,1
2020-02-21,67010053,7829242,37,1
2020-02-04,67010051,8009812,268.86,3
2020-01-22,67010048,3806530,896,1
2020-01-08,67010046,4202890,296,6
2020-02-24,67010045,8404069,11123,1
2020-01-10,67010041,3601842,762.25,1
2020-02-03,67010040,4609641,460.42,6
2020-01-13,67010039,3600775,15.8,15
2020-03-19,67010038,8602390,6850,1
2020-02-11,67010036,6800120,635.97,2
2020-01-13,67010035,1410860,1015.25,1
2020-01-30,67010029,7813141,15.63,24
2020-01-20,67010026,3202200,81.09,80
2020-02-20,67010022,4233775,8.73,50
2020-01-13,67010021,8005908,545.72,2
2020-03-17,67010018,8030244,585.78,1
2020-03-11,67010015,4802300,129.97,2
2020-01-16,67010014,8015999,2730,1
2020-01-13,67010013,2202211,221.5,1
2020-01-22,67010011,2215210,22,20
2020-02-03,67010008,6801494,439.75,1
2020-01-08,67010006,6807670,483,1
2020-06-03,67010005,4607780,401.7,6
2020-01-08,67009997,3632393,64,1
2020-01-22,67009987,2206960,21,100
2020-01-08,67009980,1400211,462,1
2020-01-29,67009960,3401474,3.92,6
2020-02-05,67009958,4416270,675.28,4
2020-02-11,67009932,8016933,1800,1
2020-02-03,67009929,2602732,100.37,2
2020-04-02,67009928,4602790,989,4
2020-01-08,67009924,2822445,16.23,20
2020-02-04,67009904,2206030,1.72,300
2020-02-05,67009903,7211170,7438,1
2020-01-16,67009901,7030540,140.98,1
2020-02-21,67009860,6800259,8386.6,1
2020-03-30,67009815,6815410,12152,1
2020-01-15,67009805,8022364,5.19,140
2020-06-18,67009705,6006961,295.61,1
2020-01-13,67009690,6000171,207.4,36
2020-01-08,67009690,6000171,207.4,1
2020-04-07,67009226,8038230,9515.8,1
2020-05-05,67009124,10000091,10,970
